{"count":1,"self":2489.5334399999997,"total":10575.539768999999,"children":{"InitializeActuators":{"count":18,"self":0.001949,"total":0.001949,"children":null},"InitializeSensors":{"count":18,"self":0.0029549999999999997,"total":0.0029549999999999997,"children":null},"AgentSendState":{"count":4896501,"self":1054.3977472,"total":1467.8349779999999,"children":{"CollectObservations":{"count":17627418,"self":72.6234752,"total":72.623477999999992,"children":null},"WriteActionMask":{"count":17627418,"self":6.0090959999999995,"total":6.0090959999999995,"children":null},"RequestDecision":{"count":17627418,"self":25.3512496,"total":334.804686,"children":{"AgentInfo.ToProto":{"count":17627418,"self":24.128487999999997,"total":309.453436,"children":{"GenerateSensorData":{"count":17627418,"self":240.83397119999998,"total":285.324948,"children":{"RayPerceptionSensor.Perceive":{"count":35254836,"self":44.4909824,"total":44.490983,"children":null}}}}}}}}},"DecideAction":{"count":4896501,"self":6507.9881728,"total":6507.988311,"children":null},"AgentAct":{"count":4896501,"self":110.04793599999999,"total":110.047941,"children":null},"AgentInfo.ToProto":{"count":6014,"self":0.016065,"total":0.128004,"children":{"GenerateSensorData":{"count":6014,"self":0.093707,"total":0.111939,"children":{"RayPerceptionSensor.Perceive":{"count":12028,"self":0.018231999999999998,"total":0.018231999999999998,"children":null}}}}}},"gauges":{"PKWParking.CumulativeReward":{"count":6014,"max":0.9164787,"min":-20.00077,"runningAverage":-0.5251806,"value":-0.999886751,"weightedAverage":-0.9998896}},"metadata":{"timer_format_version":"0.1.0","start_time_seconds":"1724946631","unity_version":"2022.3.21f1","command_line_arguments":"\/home\/attac1\/Dokumente\/Machine_Learning_Projekt\/Self_Parking_MDRL\/ML-Agents_Package\/build_Sz_1_Vers3-1\/iteration1.x86_64 --mlagents-port 5005 -logFile \/home\/attac1\/Dokumente\/Machine_Learning_Projekt\/Self_Parking_MDRL\/ML-Agents_Package\/results\/Versuch_3-1\/run_logs\/Player-0.log","communication_protocol_version":"1.5.0","com.unity.ml-agents_version":"3.0.0-exp.1","scene_name":"Training_Stage_Versuch_3_1","end_time_seconds":"1724957206"}}