{"count":1,"self":58.239295999999996,"total":131.752196,"children":{"InitializeActuators":{"count":24,"self":0.001455,"total":0.001455,"children":null},"InitializeSensors":{"count":24,"self":0.002498,"total":0.002498,"children":null},"AgentSendState":{"count":64234,"self":8.0869008,"total":10.672229999999999,"children":{"CollectObservations":{"count":154164,"self":0.67605799999999994,"total":0.67605799999999994,"children":null},"WriteActionMask":{"count":154164,"self":0.049287,"total":0.049287,"children":null},"RequestDecision":{"count":154164,"self":0.22694399999999998,"total":1.8599839999999999,"children":{"AgentInfo.ToProto":{"count":154164,"self":0.174581,"total":1.6330399999999998,"children":{"GenerateSensorData":{"count":154164,"self":1.011987,"total":1.458459,"children":{"RayPerceptionSensor.Perceive":{"count":308328,"self":0.446472,"total":0.446472,"children":null}}}}}}}}},"DecideAction":{"count":64234,"self":61.710803199999994,"total":61.710803999999996,"children":null},"AgentAct":{"count":64234,"self":1.123418,"total":1.123418,"children":null},"AgentInfo.ToProto":{"count":142,"self":0.000403,"total":0.00216,"children":{"GenerateSensorData":{"count":142,"self":0.0012699999999999999,"total":0.0017569999999999999,"children":{"RayPerceptionSensor.Perceive":{"count":284,"self":0.00048699999999999997,"total":0.00048699999999999997,"children":null}}}}}},"gauges":{"PKWParking.CumulativeReward":{"count":142,"max":0.8323898,"min":-4.15847254,"runningAverage":0.201690257,"value":0.330795139,"weightedAverage":0.0523931}},"metadata":{"timer_format_version":"0.1.0","start_time_seconds":"1724928307","unity_version":"2022.3.21f1","command_line_arguments":"\/home\/attac1\/Unity\/Hub\/Editor\/2022.3.21f1\/Editor\/Unity -projectpath \/home\/attac1\/Dokumente\/Machine_Learning_Projekt\/Self_Parking_MDRL -useHub -hubIPC -cloudEnvironment production","communication_protocol_version":"1.5.0","com.unity.ml-agents_version":"3.0.0-exp.1","scene_name":"Training_Stage_final_single","end_time_seconds":"1724928438"}}