{"count":1,"self":143.0822016,"total":284.26964399999997,"children":{"InitializeActuators":{"count":12,"self":0.0014039999999999999,"total":0.0014039999999999999,"children":null},"InitializeSensors":{"count":12,"self":0.0016389999999999998,"total":0.0016389999999999998,"children":null},"AgentSendState":{"count":184001,"self":9.3445184,"total":12.356114,"children":{"CollectObservations":{"count":220806,"self":1.016955,"total":1.016955,"children":null},"WriteActionMask":{"count":220806,"self":0.07431299999999999,"total":0.07431299999999999,"children":null},"RequestDecision":{"count":220806,"self":0.328872,"total":1.9203279999999998,"children":{"AgentInfo.ToProto":{"count":220806,"self":0.272321,"total":1.591456,"children":{"GenerateSensorData":{"count":220806,"self":1.02761,"total":1.319135,"children":{"RayPerceptionSensor.Perceive":{"count":220806,"self":0.291525,"total":0.291525,"children":null}}}}}}}}},"DecideAction":{"count":184001,"self":126.8701184,"total":126.870122,"children":null},"AgentAct":{"count":184001,"self":1.957779,"total":1.957779,"children":null},"AgentInfo.ToProto":{"count":42,"self":7.9999999999999993E-05,"total":0.000355,"children":{"GenerateSensorData":{"count":42,"self":0.000215,"total":0.00027499999999999996,"children":{"RayPerceptionSensor.Perceive":{"count":42,"self":5.9999999999999995E-05,"total":5.9999999999999995E-05,"children":null}}}}}},"gauges":{"PKWParking.CumulativeReward":{"count":42,"max":-0.999206841,"min":-8.000459,"runningAverage":-2.03595042,"value":-1.5999707,"weightedAverage":-1.77940679}},"metadata":{"timer_format_version":"0.1.0","start_time_seconds":"1724421638","unity_version":"2022.3.21f1","command_line_arguments":"\/home\/attac1\/Unity\/Hub\/Editor\/2022.3.21f1\/Editor\/Unity -projectpath \/home\/attac1\/Dokumente\/Machine_Learning_Projekt\/Self_Parking_MDRL -useHub -hubIPC -cloudEnvironment production","communication_protocol_version":"1.5.0","com.unity.ml-agents_version":"3.0.0-exp.1","scene_name":"Training_Stage_final","end_time_seconds":"1724421923"}}