{"count":1,"self":17.906328,"total":45.391531,"children":{"InitializeActuators":{"count":12,"self":0.0013909999999999999,"total":0.0013909999999999999,"children":null},"InitializeSensors":{"count":12,"self":0.001704,"total":0.001704,"children":null},"AgentSendState":{"count":26384,"self":1.8202459999999998,"total":3.4386349999999997,"children":{"CollectObservations":{"count":31662,"self":1.078832,"total":1.078832,"children":null},"WriteActionMask":{"count":31662,"self":0.011554,"total":0.011554,"children":null},"RequestDecision":{"count":31662,"self":0.059699999999999996,"total":0.528003,"children":{"AgentInfo.ToProto":{"count":31662,"self":0.040992999999999995,"total":0.46830299999999997,"children":{"GenerateSensorData":{"count":31662,"self":0.334398,"total":0.42730999999999997,"children":{"RayPerceptionSensor.Perceive":{"count":126648,"self":0.092912,"total":0.092912,"children":null}}}}}}}}},"DecideAction":{"count":26384,"self":23.7944656,"total":23.794465,"children":null},"AgentAct":{"count":26384,"self":0.24795599999999998,"total":0.24795599999999998,"children":null},"AgentInfo.ToProto":{"count":7,"self":2.4E-05,"total":0.00014199999999999998,"children":{"GenerateSensorData":{"count":7,"self":9.9E-05,"total":0.000118,"children":{"RayPerceptionSensor.Perceive":{"count":28,"self":1.8999999999999998E-05,"total":1.8999999999999998E-05,"children":null}}}}}},"gauges":{"PKWParking.CumulativeReward":{"count":7,"max":0.095823884,"min":-4.195842,"runningAverage":-0.954758346,"value":-1.22658038,"weightedAverage":-1.02562535}},"metadata":{"timer_format_version":"0.1.0","start_time_seconds":"1724152489","unity_version":"2022.3.21f1","command_line_arguments":"\/home\/attac1\/Unity\/Hub\/Editor\/2022.3.21f1\/Editor\/Unity -projectpath \/home\/attac1\/Dokumente\/Machine_Learning_Projekt\/Self_Parking_MDRL -useHub -hubIPC -cloudEnvironment production","communication_protocol_version":"1.5.0","com.unity.ml-agents_version":"3.0.0-exp.1","scene_name":"Training_Stage new_vehicle","end_time_seconds":"1724152534"}}