{"count":1,"self":338.4598272,"total":1460.6349269999998,"children":{"InitializeActuators":{"count":18,"self":0.00125,"total":0.00125,"children":null},"InitializeSensors":{"count":18,"self":0.0019299999999999999,"total":0.0019299999999999999,"children":null},"AgentSendState":{"count":464167,"self":58.352460799999996,"total":90.950255,"children":{"CollectObservations":{"count":1671012,"self":6.105668,"total":6.105668,"children":null},"WriteActionMask":{"count":1671012,"self":0.46900699999999995,"total":0.46900699999999995,"children":null},"RequestDecision":{"count":1671012,"self":1.92587,"total":26.023121999999997,"children":{"AgentInfo.ToProto":{"count":1671012,"self":1.610217,"total":24.097251999999997,"children":{"GenerateSensorData":{"count":1671012,"self":18.4626688,"total":22.487035,"children":{"RayPerceptionSensor.Perceive":{"count":1671012,"self":4.0243671999999995,"total":4.024367,"children":null}}}}}}}}},"DecideAction":{"count":464167,"self":1020.9723392,"total":1020.9723869999999,"children":null},"AgentAct":{"count":464167,"self":10.244695199999999,"total":10.244695,"children":null},"AgentInfo.ToProto":{"count":271,"self":0.00036899999999999997,"total":0.004001,"children":{"GenerateSensorData":{"count":271,"self":0.002956,"total":0.003632,"children":{"RayPerceptionSensor.Perceive":{"count":271,"self":0.000676,"total":0.000676,"children":null}}}}}},"gauges":{"PKWParking.CumulativeReward":{"count":271,"max":0.00195000251,"min":-9.1,"runningAverage":-0.389957875,"value":0,"weightedAverage":-0.00178197469}},"metadata":{"timer_format_version":"0.1.0","start_time_seconds":"1725454945","unity_version":"2022.3.21f1","command_line_arguments":"\/home\/attac1\/Unity\/Hub\/Editor\/2022.3.21f1\/Editor\/Unity -projectpath \/home\/attac1\/Dokumente\/Machine_Learning_Projekt\/Self_Parking_MDRL -useHub -hubIPC -cloudEnvironment production","communication_protocol_version":"1.5.0","com.unity.ml-agents_version":"3.0.0-exp.1","scene_name":"Training_Stage_Versuch_1_PreTrain","end_time_seconds":"1725456406"}}