{"count":1,"self":5501.3298176,"total":18439.04455,"children":{"InitializeActuators":{"count":18,"self":0.0014559999999999998,"total":0.0014559999999999998,"children":null},"InitializeSensors":{"count":18,"self":0.001854,"total":0.001854,"children":null},"AgentSendState":{"count":6945084,"self":906.8371968,"total":1312.047633,"children":{"CollectObservations":{"count":25002306,"self":89.00912,"total":89.009121,"children":null},"WriteActionMask":{"count":25002306,"self":6.7418352,"total":6.741835,"children":null},"RequestDecision":{"count":25002306,"self":30.0799712,"total":309.45948999999996,"children":{"AgentInfo.ToProto":{"count":25002306,"self":23.3661952,"total":279.37951899999996,"children":{"GenerateSensorData":{"count":25002306,"self":203.13719039999998,"total":256.013323,"children":{"RayPerceptionSensor.Perceive":{"count":50004612,"self":52.876127999999994,"total":52.876127,"children":null}}}}}}}}},"DecideAction":{"count":6945084,"self":11468.4452864,"total":11468.445113,"children":null},"AgentAct":{"count":6945084,"self":157.09591039999998,"total":157.095909,"children":null},"AgentInfo.ToProto":{"count":7250,"self":0.017266999999999998,"total":0.122225,"children":{"GenerateSensorData":{"count":7250,"self":0.086514,"total":0.104958,"children":{"RayPerceptionSensor.Perceive":{"count":14500,"self":0.018444,"total":0.018444,"children":null}}}}}},"gauges":{"PKWParking.CumulativeReward":{"count":7250,"max":0.925175369,"min":-11.4012365,"runningAverage":-0.7577182,"value":-0.999886751,"weightedAverage":-1.26970339}},"metadata":{"timer_format_version":"0.1.0","start_time_seconds":"1725299008","unity_version":"2022.3.21f1","command_line_arguments":"\/home\/attac1\/Unity\/Hub\/Editor\/2022.3.21f1\/Editor\/Unity -projectpath \/home\/attac1\/Dokumente\/Machine_Learning_Projekt\/Self_Parking_MDRL -useHub -hubIPC -cloudEnvironment production","communication_protocol_version":"1.5.0","com.unity.ml-agents_version":"3.0.0-exp.1","scene_name":"Training_Stage_Versuch_3_2","end_time_seconds":"1725317447"}}