{"count":1,"self":4426.2719488,"total":16205.272105,"children":{"InitializeActuators":{"count":48,"self":0.0015229999999999998,"total":0.0015229999999999998,"children":null},"InitializeSensors":{"count":48,"self":0.002581,"total":0.002581,"children":null},"AgentSendState":{"count":5953434,"self":1856.5523455999999,"total":2291.135535,"children":{"CollectObservations":{"count":28576488,"self":114.609984,"total":114.609988,"children":null},"WriteActionMask":{"count":28576488,"self":8.6311808,"total":8.631181,"children":null},"RequestDecision":{"count":28576488,"self":39.0615776,"total":311.342066,"children":{"AgentInfo.ToProto":{"count":28576488,"self":31.3537696,"total":272.280487,"children":{"GenerateSensorData":{"count":28576488,"self":168.972992,"total":240.926718,"children":{"RayPerceptionSensor.Perceive":{"count":57152976,"self":71.953728,"total":71.953727,"children":null}}}}}}}}},"DecideAction":{"count":5953434,"self":9284.7644671999988,"total":9284.764366,"children":null},"AgentAct":{"count":5953434,"self":203.0616064,"total":203.06160799999998,"children":null},"AgentInfo.ToProto":{"count":3552,"self":0.0041189999999999994,"total":0.03405,"children":{"GenerateSensorData":{"count":3552,"self":0.021037999999999998,"total":0.029931,"children":{"RayPerceptionSensor.Perceive":{"count":7104,"self":0.008893,"total":0.008893,"children":null}}}}}},"gauges":{"PKWParking.CumulativeReward":{"count":3552,"max":0.6565276,"min":-16.3981266,"runningAverage":-1.17642474,"value":-0.9995417,"weightedAverage":-1.26186574}},"metadata":{"timer_format_version":"0.1.0","start_time_seconds":"1724839678","unity_version":"2022.3.21f1","command_line_arguments":"\/home\/attac1\/Unity\/Hub\/Editor\/2022.3.21f1\/Editor\/Unity -projectpath \/home\/attac1\/Dokumente\/Machine_Learning_Projekt\/Self_Parking_MDRL -useHub -hubIPC -cloudEnvironment production","communication_protocol_version":"1.5.0","com.unity.ml-agents_version":"3.0.0-exp.1","scene_name":"Training_Stage_final","end_time_seconds":"1724855884"}}