{"count":1,"self":1439.272448,"total":3909.1697449999997,"children":{"InitializeActuators":{"count":9,"self":0.0013809999999999998,"total":0.0013809999999999998,"children":null},"InitializeSensors":{"count":9,"self":0.002303,"total":0.002303,"children":null},"AgentSendState":{"count":2196617,"self":295.57693439999997,"total":375.814759,"children":{"CollectObservations":{"count":3953916,"self":19.2527616,"total":19.252761,"children":null},"WriteActionMask":{"count":3953916,"self":1.453924,"total":1.453924,"children":null},"RequestDecision":{"count":3953916,"self":6.4205992,"total":59.531143,"children":{"AgentInfo.ToProto":{"count":3953916,"self":5.0479899999999995,"total":53.110544,"children":{"GenerateSensorData":{"count":3953916,"self":37.5974912,"total":48.062554,"children":{"RayPerceptionSensor.Perceive":{"count":7907832,"self":10.465064,"total":10.465064,"children":null}}}}}}}}},"DecideAction":{"count":2196617,"self":2061.4146048,"total":2061.414559,"children":null},"AgentAct":{"count":2196617,"self":32.6423104,"total":32.642312,"children":null},"AgentInfo.ToProto":{"count":1207,"self":0.003312,"total":0.02162,"children":{"GenerateSensorData":{"count":1207,"self":0.014584999999999999,"total":0.018307999999999998,"children":{"RayPerceptionSensor.Perceive":{"count":2414,"self":0.0037229999999999997,"total":0.0037229999999999997,"children":null}}}}}},"gauges":{"PKWParking.CumulativeReward":{"count":1207,"max":0.787551641,"min":-5.600184,"runningAverage":-0.654042065,"value":-0.999886751,"weightedAverage":-1.01076162}},"metadata":{"timer_format_version":"0.1.0","start_time_seconds":"1724939191","unity_version":"2022.3.21f1","command_line_arguments":"\/home\/attac1\/Unity\/Hub\/Editor\/2022.3.21f1\/Editor\/Unity -projectpath \/home\/attac1\/Dokumente\/Machine_Learning_Projekt\/Self_Parking_MDRL -useHub -hubIPC -cloudEnvironment production","communication_protocol_version":"1.5.0","com.unity.ml-agents_version":"3.0.0-exp.1","scene_name":"Training_Stage_Versuch_2_2","end_time_seconds":"1724943100"}}