{"count":1,"self":167.9815936,"total":532.255352,"children":{"InitializeActuators":{"count":24,"self":0.0011899999999999999,"total":0.0011899999999999999,"children":null},"InitializeSensors":{"count":24,"self":0.0018449999999999999,"total":0.0018449999999999999,"children":null},"AgentSendState":{"count":87901,"self":14.525657599999999,"total":22.601996,"children":{"CollectObservations":{"count":421944,"self":1.445241,"total":1.445241,"children":null},"WriteActionMask":{"count":421944,"self":0.11444499999999999,"total":0.11444499999999999,"children":null},"RequestDecision":{"count":421944,"self":0.47414599999999996,"total":6.516653,"children":{"AgentInfo.ToProto":{"count":421944,"self":0.38882,"total":6.042507,"children":{"GenerateSensorData":{"count":421944,"self":4.641484,"total":5.653687,"children":{"RayPerceptionSensor.Perceive":{"count":421944,"self":1.012203,"total":1.012203,"children":null}}}}}}}}},"DecideAction":{"count":87901,"self":339.1097856,"total":339.10979,"children":null},"AgentAct":{"count":87901,"self":2.558029,"total":2.558029,"children":null},"AgentInfo.ToProto":{"count":72,"self":6.2E-05,"total":0.000897,"children":{"GenerateSensorData":{"count":72,"self":0.000673,"total":0.00083499999999999991,"children":{"RayPerceptionSensor.Perceive":{"count":72,"self":0.00016199999999999998,"total":0.00016199999999999998,"children":null}}}}}},"gauges":{"PKWParking.CumulativeReward":{"count":72,"max":0.811249435,"min":-4.60131264,"runningAverage":0.06855517,"value":0.002371885,"weightedAverage":-0.00175565947}},"metadata":{"timer_format_version":"0.1.0","start_time_seconds":"1725614807","unity_version":"2022.3.21f1","command_line_arguments":"\/home\/attac1\/Unity\/Hub\/Editor\/2022.3.21f1\/Editor\/Unity -projectpath \/home\/attac1\/Dokumente\/Machine_Learning_Projekt\/Self_Parking_MDRL -useHub -hubIPC -cloudEnvironment production","communication_protocol_version":"1.5.0","com.unity.ml-agents_version":"3.0.0-exp.1","scene_name":"Training_Stage_Versuch_1_1","end_time_seconds":"1725615339"}}