{"count":1,"self":3224.5274624,"total":24405.356338999998,"children":{"InitializeActuators":{"count":24,"self":0.001171,"total":0.001171,"children":null},"InitializeSensors":{"count":24,"self":0.0018239999999999999,"total":0.0018239999999999999,"children":null},"AgentSendState":{"count":5209101,"self":784.4427264,"total":1251.467983,"children":{"CollectObservations":{"count":25003704,"self":84.2932608,"total":84.293258999999992,"children":null},"WriteActionMask":{"count":25003704,"self":6.521084,"total":6.521084,"children":null},"RequestDecision":{"count":25003704,"self":27.6133824,"total":376.210934,"children":{"AgentInfo.ToProto":{"count":25003704,"self":22.6385328,"total":348.597551,"children":{"GenerateSensorData":{"count":25003704,"self":266.5283072,"total":325.95901799999996,"children":{"RayPerceptionSensor.Perceive":{"count":25003704,"self":59.4307136,"total":59.430710999999995,"children":null}}}}}}}}},"DecideAction":{"count":5209101,"self":19785.490432,"total":19785.490567,"children":null},"AgentAct":{"count":5209101,"self":143.7931648,"total":143.79316699999998,"children":null},"AgentInfo.ToProto":{"count":5120,"self":0.006012,"total":0.073654,"children":{"GenerateSensorData":{"count":5120,"self":0.055112999999999995,"total":0.067642,"children":{"RayPerceptionSensor.Perceive":{"count":5120,"self":0.012529,"total":0.012529,"children":null}}}}}},"gauges":{"PKWParking.CumulativeReward":{"count":5120,"max":1.53408265,"min":-19.2,"runningAverage":0.148234561,"value":0,"weightedAverage":0.009609932}},"metadata":{"timer_format_version":"0.1.0","start_time_seconds":"1725619102","unity_version":"2022.3.21f1","command_line_arguments":"\/home\/attac1\/Unity\/Hub\/Editor\/2022.3.21f1\/Editor\/Unity -projectpath \/home\/attac1\/Dokumente\/Machine_Learning_Projekt\/Self_Parking_MDRL -useHub -hubIPC -cloudEnvironment production","communication_protocol_version":"1.5.0","com.unity.ml-agents_version":"3.0.0-exp.1","scene_name":"Training_Stage_Versuch_1_1","end_time_seconds":"1725643507"}}