{"count":1,"self":18830.0869632,"total":49079.037786,"children":{"InitializeActuators":{"count":12,"self":0.001204,"total":0.001204,"children":null},"InitializeSensors":{"count":12,"self":0.0024449999999999997,"total":0.0024449999999999997,"children":null},"AgentSendState":{"count":27894052,"self":2251.8355968,"total":3976.4356159999998,"children":{"CollectObservations":{"count":33472866,"self":1156.4495872,"total":1156.44959,"children":null},"WriteActionMask":{"count":33472866,"self":12.132351199999999,"total":12.132351,"children":null},"RequestDecision":{"count":33472866,"self":58.6436352,"total":556.018116,"children":{"AgentInfo.ToProto":{"count":33472866,"self":43.2109728,"total":497.374482,"children":{"GenerateSensorData":{"count":33472866,"self":351.68,"total":454.163508,"children":{"RayPerceptionSensor.Perceive":{"count":133891464,"self":102.48352,"total":102.48351699999999,"children":null}}}}}}}}},"DecideAction":{"count":27894052,"self":25986.2413312,"total":25986.242075,"children":null},"AgentAct":{"count":27894052,"self":285.94746879999997,"total":285.947473,"children":null},"AgentInfo.ToProto":{"count":16552,"self":0.046134999999999995,"total":0.321482,"children":{"GenerateSensorData":{"count":16552,"self":0.218446,"total":0.275347,"children":{"RayPerceptionSensor.Perceive":{"count":66208,"self":0.056901,"total":0.056901,"children":null}}}}}},"gauges":{"PKWParking.CumulativeReward":{"count":16552,"max":0.9588947,"min":-577.5037,"runningAverage":-0.358616322,"value":-0.999886751,"weightedAverage":-1.10288107}},"metadata":{"timer_format_version":"0.1.0","start_time_seconds":"1724175308","unity_version":"2022.3.21f1","command_line_arguments":"\/home\/attac1\/Unity\/Hub\/Editor\/2022.3.21f1\/Editor\/Unity -projectpath \/home\/attac1\/Dokumente\/Machine_Learning_Projekt\/Self_Parking_MDRL -useHub -hubIPC -cloudEnvironment production","communication_protocol_version":"1.5.0","com.unity.ml-agents_version":"3.0.0-exp.1","scene_name":"Training_Stage new_vehicle","end_time_seconds":"1724224387"}}