{
    "name": "root",
    "gauges": {
        "PKWParking.Policy.Entropy.mean": {
            "value": 2.3761589527130127,
            "min": 2.3016645908355713,
            "max": 2.4163894653320312,
            "count": 28
        },
        "PKWParking.Policy.Entropy.sum": {
            "value": 95778.21875,
            "min": 91891.65625,
            "max": 96632.78125,
            "count": 28
        },
        "PKWParking.Environment.LessonNumber.PKWParking_Parameters.mean": {
            "value": 1.0,
            "min": 1.0,
            "max": 1.0,
            "count": 28
        },
        "PKWParking.Environment.LessonNumber.PKWParking_Parameters.sum": {
            "value": 1.0,
            "min": 1.0,
            "max": 1.0,
            "count": 28
        },
        "PKWParking.Step.mean": {
            "value": 5999896.0,
            "min": 4919911.0,
            "max": 5999896.0,
            "count": 28
        },
        "PKWParking.Step.sum": {
            "value": 5999896.0,
            "min": 4919911.0,
            "max": 5999896.0,
            "count": 28
        },
        "PKWParking.Policy.ExtrinsicValueEstimate.mean": {
            "value": -0.013002684339880943,
            "min": -0.023510878905653954,
            "max": -0.0025503821671009064,
            "count": 28
        },
        "PKWParking.Policy.ExtrinsicValueEstimate.sum": {
            "value": -4.082842826843262,
            "min": -7.382415771484375,
            "max": -0.8110215067863464,
            "count": 28
        },
        "PKWParking.Losses.PolicyLoss.mean": {
            "value": 0.022747429856099188,
            "min": 0.02129786015721038,
            "max": 0.027588985476177188,
            "count": 28
        },
        "PKWParking.Losses.PolicyLoss.sum": {
            "value": 0.09098971942439675,
            "min": 0.06833945739781484,
            "max": 0.10540195553330704,
            "count": 28
        },
        "PKWParking.Losses.ValueLoss.mean": {
            "value": 5.667233794639514e-05,
            "min": 2.043551694915398e-06,
            "max": 0.000742848657137074,
            "count": 28
        },
        "PKWParking.Losses.ValueLoss.sum": {
            "value": 0.00022668935178558056,
            "min": 6.130655084746194e-06,
            "max": 0.002971394628548296,
            "count": 28
        },
        "PKWParking.Policy.LearningRate.mean": {
            "value": 0.00014015716992143,
            "min": 0.00014015716992143,
            "max": 0.00015096731451635502,
            "count": 28
        },
        "PKWParking.Policy.LearningRate.sum": {
            "value": 0.00056062867968572,
            "min": 0.00043021396489306,
            "max": 0.00060236439881785,
            "count": 28
        },
        "PKWParking.Policy.Epsilon.mean": {
            "value": 0.17007856999999998,
            "min": 0.17007856999999998,
            "max": 0.17548364500000002,
            "count": 28
        },
        "PKWParking.Policy.Epsilon.sum": {
            "value": 0.6803142799999999,
            "min": 0.51510694,
            "max": 0.70118215,
            "count": 28
        },
        "PKWParking.Policy.Beta.mean": {
            "value": 0.010514777643,
            "min": 0.010514777643,
            "max": 0.011324998385500001,
            "count": 28
        },
        "PKWParking.Policy.Beta.sum": {
            "value": 0.042059110572,
            "min": 0.032274530306,
            "max": 0.045187204285,
            "count": 28
        },
        "PKWParking.IsTraining.mean": {
            "value": 1.0,
            "min": 1.0,
            "max": 1.0,
            "count": 28
        },
        "PKWParking.IsTraining.sum": {
            "value": 1.0,
            "min": 1.0,
            "max": 1.0,
            "count": 28
        },
        "PKWParking.Environment.EpisodeLength.mean": {
            "value": 6999.0,
            "min": 3347.3333333333335,
            "max": 6999.0,
            "count": 27
        },
        "PKWParking.Environment.EpisodeLength.sum": {
            "value": 41994.0,
            "min": 12116.0,
            "max": 79180.0,
            "count": 27
        },
        "PKWParking.Environment.CumulativeReward.mean": {
            "value": -1.1665049432776868,
            "min": -5.985772887244821,
            "max": -0.14180844908373225,
            "count": 27
        },
        "PKWParking.Environment.CumulativeReward.sum": {
            "value": -6.999029659666121,
            "min": -14.624245334416628,
            "max": -0.5450568869709969,
            "count": 27
        },
        "PKWParking.Policy.ExtrinsicReward.mean": {
            "value": -1.1665049432776868,
            "min": -5.985772887244821,
            "max": -0.14180844908373225,
            "count": 27
        },
        "PKWParking.Policy.ExtrinsicReward.sum": {
            "value": -6.999029659666121,
            "min": -14.624245334416628,
            "max": -0.5450568869709969,
            "count": 27
        }
    },
    "metadata": {
        "timer_format_version": "0.1.0",
        "start_time_seconds": "1724765952",
        "python_version": "3.10.12 (main, Jul  5 2023, 18:54:27) [GCC 11.2.0]",
        "command_line_arguments": "/home/attac1/anaconda3/envs/mlagents/bin/mlagents-learn config/self_parking_scenario_1.yaml --run-id=one_car_self_park_final_3 --torch-device=cuda --resume",
        "mlagents_version": "1.1.0.dev0",
        "mlagents_envs_version": "1.1.0.dev0",
        "communication_protocol_version": "1.5.0",
        "pytorch_version": "2.2.1",
        "numpy_version": "1.23.5",
        "end_time_seconds": "1724766939"
    },
    "total": 986.8592165609589,
    "count": 1,
    "self": 0.004320628009736538,
    "children": {
        "run_training.setup": {
            "total": 0.010164082981646061,
            "count": 1,
            "self": 0.010164082981646061
        },
        "TrainerController.start_learning": {
            "total": 986.8447318499675,
            "count": 1,
            "self": 1.5635008567478508,
            "children": {
                "TrainerController._reset_env": {
                    "total": 20.7940354750026,
                    "count": 1,
                    "self": 20.7940354750026
                },
                "TrainerController.advance": {
                    "total": 964.424759794143,
                    "count": 95030,
                    "self": 1.6420118814567104,
                    "children": {
                        "env_step": {
                            "total": 783.9012177324621,
                            "count": 95030,
                            "self": 665.9059679316124,
                            "children": {
                                "SubprocessEnvManager._take_step": {
                                    "total": 117.31188529811334,
                                    "count": 95030,
                                    "self": 3.532029612106271,
                                    "children": {
                                        "TorchPolicy.evaluate": {
                                            "total": 113.77985568600707,
                                            "count": 94847,
                                            "self": 113.77985568600707
                                        }
                                    }
                                },
                                "workers": {
                                    "total": 0.6833645027363673,
                                    "count": 95029,
                                    "self": 0.0,
                                    "children": {
                                        "worker_root": {
                                            "total": 979.7149976926157,
                                            "count": 95029,
                                            "is_parallel": true,